timestamp,latitude,longitude,speed_kmph,direction_deg,entry_zone
2025-09-23T06:37:42Z,12.934,77.512,0.0,1,Zone_A
2025-09-23T06:37:43Z,12.933989493873892,77.51200193681846,5.017,135,Zone_B
2025-09-23T06:37:44Z,12.933973862763565,77.511994674182,4.907,197,Zone_A
2025-09-23T06:37:45Z,12.933968547174636,77.51199194524679,1.789,24,Zone_A
2025-09-23T06:37:46Z,12.93396593309865,77.5119956354447,1.317,8,Zone_C
2025-09-23T06:37:47Z,12.933959272411705,77.5120025071152,3.093,127,Zone_C
2025-09-23T06:37:48Z,12.933946575008635,77.51200859888516,6.219,111,Zone_A
2025-09-23T06:37:49Z,12.933941004639124,77.51201006006308,1.904,50,Zone_A
2025-09-23T06:37:50Z,12.933937337642224,77.51200892838563,1.2,64,Zone_C
2025-09-23T06:37:51Z,12.933933744980607,77.51199919614159,4.111,155,Zone_B
2025-09-23T06:37:52Z,12.933929720057606,77.51199134103868,3.501,150,Zone_B
2025-09-23T06:37:53Z,12.93392604344934,77.51197765873478,4.982,249,Zone_A
2025-09-23T06:37:54Z,12.933922732698948,77.51196668359239,4.68,66,Zone_B
2025-09-23T06:37:55Z,12.93392778680617,77.51195017580176,6.746,242,Zone_C
2025-09-23T06:37:56Z,12.93393007413471,77.51194210931342,3.611,181,Zone_B
2025-09-23T06:37:57Z,12.933931058728954,77.51193187545708,3.001,320,Zone_A
2025-09-23T06:37:58Z,12.933933870800132,77.51192192350186,2.969,160,Zone_A
2025-09-23T06:37:59Z,12.933942049425195,77.51191672071774,3.629,323,Zone_C
2025-09-23T06:38:00Z,12.93395780881122,77.51190840969336,7.373,203,Zone_A
2025-09-23T06:38:01Z,12.93397180576789,77.51191203525396,6.658,62,Zone_C
2025-09-23T06:38:02Z,12.933979448124333,77.51191137087766,3.12,163,Zone_B
2025-09-23T06:38:03Z,12.933986989077901,77.5119074568437,2.796,121,Zone_B
2025-09-23T06:38:04Z,12.933995487168225,77.51190787415264,3.173,21,Zone_A
2025-09-23T06:38:05Z,12.934008795697276,77.51190143714483,7.205,155,Zone_A
2025-09-23T06:38:06Z,12.93402230016151,77.51190090441793,4.027,106,Zone_B
2025-09-23T06:38:07Z,12.934035329624683,77.5119036606906,6.553,267,Zone_C
2025-09-23T06:38:08Z,12.934048212547651,77.51191236890656,5.204,327,Zone_C
2025-09-23T06:38:09Z,12.934061191942831,77.51191032807372,5.795,158,Zone_C
2025-09-23T06:38:10Z,12.934064751814155,77.51191465255509,2.371,274,Zone_B
2025-09-23T06:38:11Z,12.934071036674943,77.511917907549,2.034,64,Zone_B
2025-09-23T06:38:12Z,12.93407539020731,77.51191956786904,1.585,249,Zone_C
2025-09-23T06:38:13Z,12.934086722717495,77.51191748361869,5.005,76,Zone_C
2025-09-23T06:38:14Z,12.934092866840652,77.51191778531143,2.382,66,Zone_C
2025-09-23T06:38:15Z,12.934094565635869,77.5119183852962,0.746,304,Zone_A
2025-09-23T06:38:16Z,12.934113540150145,77.51192135401966,8.842,16,Zone_C
2025-09-23T06:38:17Z,12.934126739987793,77.51192176914469,5.295,180,Zone_C
2025-09-23T06:38:18Z,12.934138513187767,77.51192375197988,5.093,127,Zone_A
2025-09-23T06:38:19Z,12.934154925963965,77.51193564238304,8.33,33,Zone_B
2025-09-23T06:38:20Z,12.934157512287348,77.51194550913,3.19,266,Zone_A
2025-09-23T06:38:21Z,12.934158257491742,77.51195071640876,1.743,258,Zone_B
2025-09-23T06:38:22Z,12.934152829222878,77.51195785862254,2.76,291,Zone_C
2025-09-23T06:38:23Z,12.934132934612032,77.51196354090735,6.973,152,Zone_C
2025-09-23T06:38:24Z,12.934119737547391,77.51196577065322,5.195,249,Zone_B
2025-09-23T06:38:25Z,12.934118205799873,77.51196480727413,0.537,205,Zone_B
2025-09-23T06:38:26Z,12.93410538415012,77.51195175303009,5.829,176,Zone_B
2025-09-23T06:38:27Z,12.934102596683504,77.51194843406783,1.305,284,Zone_B
2025-09-23T06:38:28Z,12.934099572764556,77.5119439918882,1.618,239,Zone_C
2025-09-23T06:38:29Z,12.93410140692122,77.51192336313731,5.876,33,Zone_C
2025-09-23T06:38:30Z,12.934098235447266,77.51190025364404,7.443,110,Zone_C
2025-09-23T06:38:31Z,12.934094562616142,77.51189072756138,2.936,5,Zone_B
2025-09-23T06:38:32Z,12.93409260807342,77.51188745370382,1.13,294,Zone_C
2025-09-23T06:38:33Z,12.934083162225221,77.51187571391628,7.243,64,Zone_C
2025-09-23T06:38:34Z,12.934079644913933,77.51187199436029,1.802,340,Zone_B
2025-09-23T06:38:35Z,12.934063751893095,77.51185609775672,6.944,142,Zone_C
2025-09-23T06:38:36Z,12.934055697215323,77.51183480719463,8.915,261,Zone_B
2025-09-23T06:38:37Z,12.934048763625775,77.51182569897455,4.247,80,Zone_A
2025-09-23T06:38:38Z,12.934041952070006,77.51182617508546,2.399,182,Zone_C
2025-09-23T06:38:39Z,12.934026337029204,77.51182973435158,7.009,230,Zone_C
2025-09-23T06:38:40Z,12.934010892171688,77.51181941665676,5.785,160,Zone_A
2025-09-23T06:38:41Z,12.93401099838457,77.51180648634346,5.432,119,Zone_A
2025-09-23T06:38:42Z,12.93401153042169,77.5118028970936,1.358,353,Zone_B
2025-09-23T06:38:43Z,12.934011534928372,77.51178791129043,6.441,119,Zone_B
2025-09-23T06:38:44Z,12.934002034047293,77.51178193673893,3.993,212,Zone_A
2025-09-23T06:38:45Z,12.933989803842042,77.51177572676787,4.287,287,Zone_C
2025-09-23T06:38:46Z,12.93397985639558,77.51177057697159,3.364,315,Zone_A
2025-09-23T06:38:47Z,12.933967131078786,77.51176661028066,3.861,35,Zone_A
2025-09-23T06:38:48Z,12.93395273444857,77.51175391622361,5.901,325,Zone_B
2025-09-23T06:38:49Z,12.933944048504538,77.5117452009302,5.164,191,Zone_A
2025-09-23T06:38:50Z,12.933940783272861,77.51173201514507,4.525,8,Zone_C
2025-09-23T06:38:51Z,12.933929333817389,77.51171787374847,5.714,233,Zone_C
2025-09-23T06:38:52Z,12.933915203793449,77.51170816403665,6.275,125,Zone_A
2025-09-23T06:38:53Z,12.933906572003979,77.51170195512272,3.838,85,Zone_A
2025-09-23T06:38:54Z,12.933896022111435,77.51169308998553,4.907,192,Zone_C
2025-09-23T06:38:55Z,12.933886669504597,77.51168992350054,3.178,101,Zone_B
2025-09-23T06:38:56Z,12.933880451800903,77.51168824002029,1.923,128,Zone_A
2025-09-23T06:38:57Z,12.933875658331797,77.5116868336324,1.783,44,Zone_C
2025-09-23T06:38:58Z,12.93387126777,77.51168682439067,1.741,278,Zone_C
2025-09-23T06:38:59Z,12.933854645479496,77.51168214454805,5.411,214,Zone_C
2025-09-23T06:39:00Z,12.933844216735244,77.51167432794894,4.899,146,Zone_B
2025-09-23T06:39:01Z,12.933834930651333,77.51166960447891,3.29,97,Zone_C
2025-09-23T06:39:02Z,12.93382768628228,77.51167169862241,2.759,96,Zone_C
2025-09-23T06:39:03Z,12.933819396008055,77.51167398225618,2.745,36,Zone_C
2025-09-23T06:39:04Z,12.933817635269364,77.51167434883968,0.89,330,Zone_C
2025-09-23T06:39:05Z,12.933809810922545,77.51167271530609,2.576,284,Zone_B
2025-09-23T06:39:06Z,12.933791230283205,77.51166689826056,5.612,165,Zone_B
2025-09-23T06:39:07Z,12.933786286955188,77.51166920328866,1.656,305,Zone_A
2025-09-23T06:39:08Z,12.933778484287325,77.51167605593905,4.935,348,Zone_C
2025-09-23T06:39:09Z,12.93377730551388,77.51167850844588,0.837,320,Zone_A
2025-09-23T06:39:10Z,12.93377057709465,77.51169087608639,4.585,268,Zone_A
2025-09-23T06:39:11Z,12.933768863568417,77.51170698959689,5.957,253,Zone_C
2025-09-23T06:39:12Z,12.933766776465179,77.51171720077025,3.963,199,Zone_C
2025-09-23T06:39:13Z,12.93376644657878,77.51171901281961,0.71,292,Zone_B
2025-09-23T06:39:14Z,12.933761329899168,77.51172743866324,3.317,82,Zone_B
2025-09-23T06:39:15Z,12.933760947042112,77.51172923971212,0.531,292,Zone_C
2025-09-23T06:39:16Z,12.933754043022807,77.51174020006498,5.92,253,Zone_B
2025-09-23T06:39:17Z,12.9337467157878,77.51174488896469,3.648,90,Zone_C
2025-09-23T06:39:18Z,12.933745520467403,77.51175058204478,1.73,289,Zone_A
2025-09-23T06:39:19Z,12.933741002646949,77.51175747398088,2.403,25,Zone_A
2025-09-23T06:39:20Z,12.933732134823508,77.51176841869325,4.111,306,Zone_A
2025-09-23T06:39:21Z,12.933726475742573,77.51178188495511,4.466,24,Zone_B
2025-09-23T06:39:22Z,12.933730864135946,77.51179205535142,3.665,32,Zone_C
2025-09-23T06:39:23Z,12.933732231410007,77.51180152157046,4.023,229,Zone_A
2025-09-23T06:39:24Z,12.933731278336433,77.51180581503935,1.358,199,Zone_B
2025-09-23T06:39:25Z,12.933730389146502,77.51181114528582,1.779,242,Zone_B
2025-09-23T06:39:26Z,12.933724676195432,77.51182453561782,4.511,358,Zone_C
2025-09-23T06:39:27Z,12.933712549145813,77.51184242790124,7.903,207,Zone_A
2025-09-23T06:39:28Z,12.933711439180543,77.51184387741398,0.819,133,Zone_C
2025-09-23T06:39:29Z,12.933700046072424,77.51185445067041,5.309,307,Zone_B
2025-09-23T06:39:30Z,12.93369264721314,77.51186585334538,4.884,246,Zone_A
2025-09-23T06:39:31Z,12.93369093308096,77.51187333903566,2.906,208,Zone_C
2025-09-23T06:39:32Z,12.933688255717199,77.51188652284617,4.93,109,Zone_C
2025-09-23T06:39:33Z,12.933683939356442,77.5119015223278,6.235,224,Zone_B
2025-09-23T06:39:34Z,12.93368625810124,77.51190786322812,2.799,58,Zone_B
2025-09-23T06:39:35Z,12.93368561743353,77.51192437761495,6.193,307,Zone_B
2025-09-23T06:39:36Z,12.933686941266476,77.51192562385923,0.528,143,Zone_C
2025-09-23T06:39:37Z,12.933700934304676,77.51193747882066,6.189,324,Zone_C
2025-09-23T06:39:38Z,12.933707971209136,77.51194219779524,3.942,86,Zone_B
2025-09-23T06:39:39Z,12.93371785812926,77.51194140941986,2.882,241,Zone_B
2025-09-23T06:39:40Z,12.933726403316012,77.51193951350088,4.029,144,Zone_B
2025-09-23T06:39:41Z,12.933732519468833,77.51192422588552,6.792,12,Zone_C
2025-09-23T06:39:42Z,12.933727104233146,77.51190646531903,6.31,110,Zone_A
2025-09-23T06:39:43Z,12.933740079088803,77.51189505218503,5.347,194,Zone_C
2025-09-23T06:39:44Z,12.933749491405715,77.51188571831598,3.807,186,Zone_A
2025-09-23T06:39:45Z,12.933763378972413,77.51187864975877,4.906,130,Zone_C
2025-09-23T06:39:46Z,12.933776247111476,77.5118801098227,5.464,240,Zone_C
2025-09-23T06:39:47Z,12.93378288956397,77.51188292397332,2.965,16,Zone_C
2025-09-23T06:39:48Z,12.93378768199197,77.51188130226245,2.039,135,Zone_C
2025-09-23T06:39:49Z,12.933793874811293,77.51187728149417,2.291,205,Zone_B
2025-09-23T06:39:50Z,12.93380913730121,77.51186714934599,7.472,304,Zone_B
2025-09-23T06:39:51Z,12.93381354790736,77.51186476163038,2.473,200,Zone_C
2025-09-23T06:39:52Z,12.933821233770189,77.51186242743887,3.268,281,Zone_C
2025-09-23T06:39:53Z,12.933828801808387,77.5118579911527,4.13,349,Zone_C
2025-09-23T06:39:54Z,12.933844526286945,77.51185816304424,7.378,51,Zone_A
2025-09-23T06:39:55Z,12.933849472772986,77.51186170383349,2.825,148,Zone_A
2025-09-23T06:39:56Z,12.933863918426573,77.5118718079028,6.515,28,Zone_C
2025-09-23T06:39:57Z,12.933876790489327,77.51189080425529,10.633,107,Zone_B
2025-09-23T06:39:58Z,12.933877430873933,77.5118925265704,0.72,235,Zone_A
2025-09-23T06:39:59Z,12.933878382043488,77.511909444873,7.679,49,Zone_B
2025-09-23T06:40:00Z,12.933886774945423,77.511928421033,6.966,338,Zone_C
2025-09-23T06:40:01Z,12.933886028311202,77.51194466420183,6.146,133,Zone_B
2025-09-23T06:40:02Z,12.933887307037718,77.5119521028706,3.21,165,Zone_B
2025-09-23T06:40:03Z,12.933899424727263,77.51196707329666,7.2,251,Zone_C
2025-09-23T06:40:04Z,12.933914964806185,77.51197611747202,6.728,182,Zone_A
2025-09-23T06:40:05Z,12.93393316598814,77.51197645206123,8.692,271,Zone_B
2025-09-23T06:40:06Z,12.933955657705487,77.5119752771649,7.777,37,Zone_B
2025-09-23T06:40:07Z,12.933975148212163,77.51196935208868,9.154,263,Zone_C
2025-09-23T06:40:08Z,12.933982325983116,77.51196661658527,2.581,320,Zone_B
2025-09-23T06:40:09Z,12.933989787290702,77.5119671855733,2.714,218,Zone_A
2025-09-23T06:40:10Z,12.93400287489249,77.51196699427705,5.654,188,Zone_B
2025-09-23T06:40:11Z,12.934015017478234,77.51196302191843,6.366,266,Zone_A
2025-09-23T06:40:12Z,12.934017990872704,77.51196118818476,1.291,111,Zone_A
2025-09-23T06:40:13Z,12.93404004767746,77.51194801352268,8.79,254,Zone_A
2025-09-23T06:40:14Z,12.934050276485348,77.51194373811386,5.418,89,Zone_C
2025-09-23T06:40:15Z,12.934057406361394,77.51194376206031,2.235,233,Zone_A
2025-09-23T06:40:16Z,12.934070135367923,77.5119422879128,4.718,62,Zone_A
2025-09-23T06:40:17Z,12.934078776968919,77.51193672897517,3.18,54,Zone_A
2025-09-23T06:40:18Z,12.934098494580466,77.51193812386423,8.965,37,Zone_C
2025-09-23T06:40:19Z,12.934110365867744,77.51193489888185,4.758,272,Zone_C
2025-09-23T06:40:20Z,12.934121191717976,77.51192481443766,6.278,236,Zone_A
2025-09-23T06:40:21Z,12.934126213622031,77.51191013048093,5.34,43,Zone_C
2025-09-23T06:40:22Z,12.934139014171585,77.5119068395175,4.048,358,Zone_C
2025-09-23T06:40:23Z,12.934147952045741,77.51189163744569,5.217,288,Zone_B
2025-09-23T06:40:24Z,12.934155417168805,77.51189221398892,2.227,195,Zone_B
2025-09-23T06:40:25Z,12.934157201071327,77.51189243295411,0.579,207,Zone_C
2025-09-23T06:40:26Z,12.934169266825181,77.511898574922,6.369,254,Zone_C
2025-09-23T06:40:27Z,12.934172525343707,77.51190310363573,1.796,113,Zone_B
2025-09-23T06:40:28Z,12.93417901713175,77.5119145067412,5.257,195,Zone_B
2025-09-23T06:40:29Z,12.93418354967488,77.51191717325612,1.548,5,Zone_C
2025-09-23T06:40:30Z,12.934191514457586,77.51191762704535,3.664,99,Zone_C
2025-09-23T06:40:31Z,12.93421655449223,77.51191274789585,10.953,33,Zone_C
2025-09-23T06:40:32Z,12.934223641846057,77.51190652444734,4.093,33,Zone_A
2025-09-23T06:40:33Z,12.934227868398722,77.51190391441698,1.905,287,Zone_B
2025-09-23T06:40:34Z,12.934229229509835,77.51190268286605,0.614,261,Zone_B
2025-09-23T06:40:35Z,12.934244094633499,77.51190070520191,4.424,290,Zone_B
2025-09-23T06:40:36Z,12.93425156348578,77.51188255579956,8.196,72,Zone_B
2025-09-23T06:40:37Z,12.934259962917018,77.51187488858197,3.507,298,Zone_B
2025-09-23T06:40:38Z,12.93426556793926,77.51187220940692,2.473,223,Zone_C
2025-09-23T06:40:39Z,12.934271878152526,77.51187765560469,2.787,8,Zone_C
2025-09-23T06:40:40Z,12.934272944146183,77.51187913945898,0.672,107,Zone_A
2025-09-23T06:40:41Z,12.934275359440486,77.51189483502715,5.541,65,Zone_B
2025-09-23T06:40:42Z,12.934279266354155,77.51190034805902,2.129,163,Zone_B
2025-09-23T06:40:43Z,12.934285985352124,77.51191288469543,4.471,245,Zone_B
2025-09-23T06:40:44Z,12.934288111463685,77.51191630398993,1.607,301,Zone_A
2025-09-23T06:40:45Z,12.934292197551056,77.51191697243597,1.719,209,Zone_B
2025-09-23T06:40:46Z,12.934306409879836,77.51191593737389,5.755,282,Zone_B
2025-09-23T06:40:47Z,12.934321088070922,77.51191223834306,6.238,11,Zone_A
2025-09-23T06:40:48Z,12.93432590512041,77.51191118493252,1.596,268,Zone_C
2025-09-23T06:40:49Z,12.93432858755192,77.51190767980106,1.31,38,Zone_C
2025-09-23T06:40:50Z,12.934331719589077,77.51189841114389,4.596,225,Zone_A
2025-09-23T06:40:51Z,12.934325532009291,77.51187833597025,7.377,101,Zone_C
2025-09-23T06:40:52Z,12.934324080064144,77.51186817703395,3.654,249,Zone_B
2025-09-23T06:40:53Z,12.934317891549487,77.51185994912618,3.292,207,Zone_C
2025-09-23T06:40:54Z,12.934315466676768,77.51184633404002,4.16,142,Zone_B
2025-09-23T06:40:55Z,12.934310326108143,77.51183541421541,5.769,315,Zone_A
2025-09-23T06:40:56Z,12.934306638091355,77.51182981671194,2.42,281,Zone_A
2025-09-23T06:40:57Z,12.934305818875895,77.51182165498392,2.294,325,Zone_C
2025-09-23T06:40:58Z,12.934304243160488,77.51181315467684,4.197,269,Zone_C
2025-09-23T06:40:59Z,12.934298089241295,77.51180570376071,3.876,196,Zone_A
2025-09-23T06:41:00Z,12.934286653532663,77.51180414101562,3.991,156,Zone_A
2025-09-23T06:41:01Z,12.934275330329145,77.5117891103852,6.999,25,Zone_B
2025-09-23T06:41:02Z,12.934269244249839,77.51177824679648,4.12,2,Zone_A
2025-09-23T06:41:03Z,12.934273025451985,77.51176071368947,7.396,99,Zone_B
2025-09-23T06:41:04Z,12.934275131081497,77.5117584252427,0.933,48,Zone_B
2025-09-23T06:41:05Z,12.934286464022213,77.51174586963816,5.377,133,Zone_B
2025-09-23T06:41:06Z,12.934291623566743,77.51173955938205,2.967,216,Zone_A
2025-09-23T06:41:07Z,12.93429604384887,77.51172374193554,6.058,160,Zone_C
2025-09-23T06:41:08Z,12.934298527552158,77.51170249004868,6.069,40,Zone_B
2025-09-23T06:41:09Z,12.934303796501375,77.51168603401601,7.641,318,Zone_B
2025-09-23T06:41:10Z,12.934306720785125,77.51168403460827,1.512,286,Zone_C
2025-09-23T06:41:11Z,12.934313991874419,77.5116803856343,2.333,258,Zone_B
2025-09-23T06:41:12Z,12.9343246130681,77.51167687887812,4.453,78,Zone_A
2025-09-23T06:41:13Z,12.934328131660223,77.51167438160856,1.384,335,Zone_C
2025-09-23T06:41:14Z,12.934341312129096,77.51166925379945,6.147,292,Zone_A
2025-09-23T06:41:15Z,12.93434929537082,77.51166951946372,2.638,191,Zone_B
2025-09-23T06:41:16Z,12.934362275432123,77.51166951950866,5.129,350,Zone_B
2025-09-23T06:41:17Z,12.934371639273081,77.51167648997001,3.41,216,Zone_C
2025-09-23T06:41:18Z,12.934373664867687,77.51168826799716,3.98,121,Zone_C
2025-09-23T06:41:19Z,12.934373622871306,77.51170724260832,9.225,144,Zone_A
2025-09-23T06:41:20Z,12.934379523521509,77.51172127677538,6.329,296,Zone_B
2025-09-23T06:41:21Z,12.934375391937158,77.51173392107675,6.077,89,Zone_B
2025-09-23T06:41:22Z,12.934375317330057,77.51174392042559,3.161,39,Zone_C
2025-09-23T06:41:23Z,12.93437173704879,77.51175103243749,2.782,230,Zone_B
2025-09-23T06:41:24Z,12.93437237928822,77.51176018187114,3.504,318,Zone_B
2025-09-23T06:41:25Z,12.934370587888866,77.5117662432183,1.978,83,Zone_A
2025-09-23T06:41:26Z,12.93437133561723,77.51177305851826,2.465,250,Zone_B
2025-09-23T06:41:27Z,12.934374862407143,77.51178190811558,3.386,113,Zone_C
2025-09-23T06:41:28Z,12.934380251075853,77.5117936039031,3.718,287,Zone_C
2025-09-23T06:41:29Z,12.934381864872579,77.51179441408762,0.617,65,Zone_A
2025-09-23T06:41:30Z,12.934405673290811,77.51180211865221,11.761,339,Zone_C
2025-09-23T06:41:31Z,12.934414132456652,77.51181951739665,5.419,316,Zone_B
2025-09-23T06:41:32Z,12.934421303294505,77.51183959740632,9.16,222,Zone_C
2025-09-23T06:41:33Z,12.934436344387246,77.51184983356801,5.47,42,Zone_C
2025-09-23T06:41:34Z,12.934443030771574,77.51186246574304,5.628,48,Zone_A
2025-09-23T06:41:35Z,12.934445314619191,77.51186869120572,2.666,301,Zone_B
2025-09-23T06:41:36Z,12.934446712023414,77.51187655269146,2.634,40,Zone_B
2025-09-23T06:41:37Z,12.934442258534958,77.51188210697846,2.711,267,Zone_C
2025-09-23T06:41:38Z,12.934440149773273,77.51189365858677,4.934,48,Zone_C
2025-09-23T06:41:39Z,12.934424229119989,77.51191034834518,9.495,310,Zone_B
2025-09-23T06:41:40Z,12.934413436297357,77.51191944307293,4.928,125,Zone_A
2025-09-23T06:41:41Z,12.934412029278649,77.51192375157105,1.507,68,Zone_C
2025-09-23T06:41:42Z,12.934405662270194,77.51193481491225,4.498,181,Zone_C
2025-09-23T06:41:43Z,12.93439424067616,77.51194084188779,5.199,158,Zone_A
2025-09-23T06:41:44Z,12.934391212305782,77.51194849361833,2.706,114,Zone_B
2025-09-23T06:41:45Z,12.934391244203024,77.51195430150692,2.163,345,Zone_B
2025-09-23T06:41:46Z,12.934391592758866,77.51197514282529,6.104,120,Zone_B
2025-09-23T06:41:47Z,12.934400469079737,77.51197996324834,3.195,230,Zone_B
2025-09-23T06:41:48Z,12.934412289875805,77.5119858735413,4.869,75,Zone_C
2025-09-23T06:41:49Z,12.934419584242624,77.51198992622844,2.468,156,Zone_C
2025-09-23T06:41:50Z,12.934430335288491,77.51199517918239,3.406,26,Zone_C
2025-09-23T06:41:51Z,12.934436736693401,77.51199383484857,2.562,37,Zone_A
2025-09-23T06:41:52Z,12.93444953639484,77.51198924450087,4.51,74,Zone_A
2025-09-23T06:41:53Z,12.934451627263787,77.51198819035599,1.056,276,Zone_C
2025-09-23T06:41:54Z,12.934464202967684,77.5119893224735,3.899,115,Zone_B
2025-09-23T06:41:55Z,12.934478409742628,77.5119924653933,6.389,18,Zone_B
2025-09-23T06:41:56Z,12.934483442162385,77.51199321250525,2.395,291,Zone_C
2025-09-23T06:41:57Z,12.934489208709563,77.51199320576632,2.018,305,Zone_C
2025-09-23T06:41:58Z,12.934502593320891,77.51199661313869,6.594,87,Zone_B
2025-09-23T06:41:59Z,12.934514626432698,77.51199492252161,3.52,203,Zone_C
2025-09-23T06:42:00Z,12.934523485744824,77.51199834314718,3.112,229,Zone_C
2025-09-23T06:42:01Z,12.934523570035275,77.51200110709081,0.863,171,Zone_B
2025-09-23T06:42:02Z,12.93453157501416,77.51200608877734,3.122,171,Zone_C
2025-09-23T06:42:03Z,12.934548551371181,77.51200432497666,6.654,13,Zone_A
2025-09-23T06:42:04Z,12.934559867075988,77.5120023510267,4.15,214,Zone_C
2025-09-23T06:42:05Z,12.934576164900186,77.51198800377053,6.236,97,Zone_A
2025-09-23T06:42:06Z,12.934584861294066,77.5119841228454,3.217,182,Zone_B
2025-09-23T06:42:07Z,12.934594140480487,77.51198867594375,4.513,305,Zone_A
2025-09-23T06:42:08Z,12.934605185693377,77.51199483044888,4.356,172,Zone_B
2025-09-23T06:42:09Z,12.934611170060554,77.51200197979277,3.449,284,Zone_C
2025-09-23T06:42:10Z,12.934625469136927,77.51201754130786,6.122,238,Zone_C
2025-09-23T06:42:11Z,12.934630899041373,77.51203406775201,6.28,273,Zone_C
2025-09-23T06:42:12Z,12.934633101727648,77.51203817024242,1.605,162,Zone_B
2025-09-23T06:42:13Z,12.93463217074296,77.51204692698812,2.632,66,Zone_B
2025-09-23T06:42:14Z,12.93463369004025,77.51204791090527,0.684,7,Zone_A
2025-09-23T06:42:15Z,12.934636474430135,77.51204895715271,1.076,149,Zone_C
2025-09-23T06:42:16Z,12.934641625929762,77.51205257230963,1.915,28,Zone_C
2025-09-23T06:42:17Z,12.93465545542382,77.51205550529967,4.234,72,Zone_B
2025-09-23T06:42:18Z,12.93466676775005,77.5120667380165,4.655,340,Zone_B
2025-09-23T06:42:19Z,12.93467611267477,77.51207474845882,5.007,5,Zone_A
2025-09-23T06:42:20Z,12.934681895122873,77.51207643364954,2.33,333,Zone_B
2025-09-23T06:42:21Z,12.934684534793314,77.51207692099872,1.267,195,Zone_A
2025-09-23T06:42:22Z,12.934698359916808,77.51207620658805,6.352,173,Zone_B
2025-09-23T06:42:23Z,12.934713974329675,77.51208268253355,5.227,223,Zone_C
2025-09-23T06:42:24Z,12.934724396151315,77.51207869304382,3.311,254,Zone_A
2025-09-23T06:42:25Z,12.93473289374396,77.51207792424677,2.839,144,Zone_B
2025-09-23T06:42:26Z,12.934736163711111,77.51207991318348,1.317,119,Zone_C
2025-09-23T06:42:27Z,12.934741188181068,77.51207857771958,2.162,269,Zone_C
2025-09-23T06:42:28Z,12.934756460615823,77.5120688007539,5.548,264,Zone_C
2025-09-23T06:42:29Z,12.93476040442686,77.51206328888065,2.509,268,Zone_A
2025-09-23T06:42:30Z,12.934764254185632,77.5120512863815,5.885,351,Zone_A
2025-09-23T06:42:31Z,12.934763719507488,77.51204813593549,0.957,23,Zone_B
2025-09-23T06:42:32Z,12.934766890513831,77.51203275356225,6.689,154,Zone_C
2025-09-23T06:42:33Z,12.934765251467399,77.51202654075928,2.767,266,Zone_C
2025-09-23T06:42:34Z,12.934764924660188,77.51202423972677,0.813,249,Zone_B
2025-09-23T06:42:35Z,12.93476618943167,77.51202293049437,0.616,213,Zone_A
2025-09-23T06:42:36Z,12.934768338436896,77.51202177888062,1.135,31,Zone_C
2025-09-23T06:42:37Z,12.934781488594743,77.51200355907781,6.33,220,Zone_B
2025-09-23T06:42:38Z,12.934781495678822,77.51199172610157,5.691,55,Zone_B
2025-09-23T06:42:39Z,12.934779238221324,77.5119863689299,2.24,358,Zone_C
2025-09-23T06:42:40Z,12.934771482941764,77.51196964560206,5.356,219,Zone_B
2025-09-23T06:42:41Z,12.934769498176108,77.51195009395097,8.961,147,Zone_C
2025-09-23T06:42:42Z,12.934764361464254,77.51194106692128,3.002,119,Zone_C
2025-09-23T06:42:43Z,12.93474835836655,77.51192557997187,10.212,277,Zone_B
2025-09-23T06:42:44Z,12.934739418299584,77.51192626819969,2.805,354,Zone_B
2025-09-23T06:42:45Z,12.934718866752277,77.51193297906462,7.922,202,Zone_C
2025-09-23T06:42:46Z,12.934719055778364,77.51195029837653,6.505,225,Zone_A
2025-09-23T06:42:47Z,12.934716783622186,77.51195780204537,3.23,328,Zone_C
2025-09-23T06:42:48Z,12.93471625819835,77.51196731991101,3.926,15,Zone_C
2025-09-23T06:42:49Z,12.93472827231373,77.51197403151677,4.373,327,Zone_C
2025-09-23T06:42:50Z,12.9347331100052,77.51197959718606,2.137,161,Zone_B
2025-09-23T06:42:51Z,12.934747104571786,77.51198520479822,6.087,223,Zone_A
2025-09-23T06:42:52Z,12.934768101171073,77.51199059693288,7.464,122,Zone_A
2025-09-23T06:42:53Z,12.934784265725972,77.5119948545271,5.05,183,Zone_B
2025-09-23T06:42:54Z,12.934787266039605,77.51199828533434,1.79,191,Zone_C
2025-09-23T06:42:55Z,12.93478901436307,77.51199870989095,0.763,137,Zone_A
2025-09-23T06:42:56Z,12.934798138721144,77.51199237986465,5.106,206,Zone_B
2025-09-23T06:42:57Z,12.934802752413091,77.51198984064844,1.826,205,Zone_A
2025-09-23T06:42:58Z,12.934810482726602,77.51197423677378,8.088,303,Zone_B
2025-09-23T06:42:59Z,12.934821793802183,77.5119694777935,3.672,129,Zone_A
2025-09-23T06:43:00Z,12.934834243682642,77.51195294590475,9.845,243,Zone_B
2025-09-23T06:43:01Z,12.93484229145381,77.511947739987,4.717,340,Zone_A
2025-09-23T06:43:02Z,12.934852811155267,77.51194332792066,3.964,145,Zone_B
2025-09-23T06:43:03Z,12.934861344210354,77.51193795911612,4.425,289,Zone_C
2025-09-23T06:43:04Z,12.934865094439981,77.51192754245831,3.599,308,Zone_A
2025-09-23T06:43:05Z,12.934867156199585,77.51192534010613,1.07,332,Zone_B
2025-09-23T06:43:06Z,12.934870610230181,77.5119214655874,2.146,35,Zone_A
2025-09-23T06:43:07Z,12.934881527799218,77.5119148543078,3.689,19,Zone_B
2025-09-23T06:43:08Z,12.934891246827343,77.5119139753355,3.093,165,Zone_A
2025-09-23T06:43:09Z,12.934892717747115,77.51191291685315,0.537,63,Zone_A
2025-09-23T06:43:10Z,12.93490127842629,77.51190806230343,2.933,252,Zone_B
2025-09-23T06:43:11Z,12.934909094673495,77.51190727399472,2.314,17,Zone_C
2025-09-23T06:43:12Z,12.934920522113128,77.51191285928753,5.826,324,Zone_C
2025-09-23T06:43:13Z,12.934927928636087,77.51192322076714,5.828,105,Zone_C
2025-09-23T06:43:14Z,12.93493555306814,77.51193391167502,5.024,33,Zone_C
2025-09-23T06:43:15Z,12.934950537638972,77.51193859143905,6.061,9,Zone_A
2025-09-23T06:43:16Z,12.934953372258354,77.5119399479345,1.119,249,Zone_A
2025-09-23T06:43:17Z,12.934962163952646,77.51194339324033,3.107,248,Zone_A
2025-09-23T06:43:18Z,12.934964484524752,77.51194667649175,1.349,58,Zone_B
2025-09-23T06:43:19Z,12.934964373313681,77.51195442544237,2.323,260,Zone_A
2025-09-23T06:43:20Z,12.934969424085834,77.51197196830626,7.943,243,Zone_A
2025-09-23T06:43:21Z,12.93497066805235,77.51199107650822,8.58,306,Zone_C
2025-09-23T06:43:22Z,12.934968966024153,77.51200006321427,3.028,13,Zone_A
2025-09-23T06:43:23Z,12.934974928088431,77.51201403084914,7.134,358,Zone_B
2025-09-23T06:43:24Z,12.934986105486384,77.51201907169849,3.582,36,Zone_A
2025-09-23T06:43:25Z,12.934991794424457,77.51201636389543,2.364,292,Zone_B
2025-09-23T06:43:26Z,12.934993587788846,77.51201625293145,0.89,157,Zone_A
2025-09-23T06:43:27Z,12.935002884949562,77.5120199443302,4.577,228,Zone_A
2025-09-23T06:43:28Z,12.935021696386988,77.51201984373107,7.68,22,Zone_A
2025-09-23T06:43:29Z,12.93502409793263,77.51201911067088,0.942,312,Zone_A
2025-09-23T06:43:30Z,12.935035829104175,77.51201523986269,4.824,217,Zone_B
2025-09-23T06:43:31Z,12.935041439680079,77.51201536310023,1.715,90,Zone_A
2025-09-23T06:43:32Z,12.93505868684995,77.51201379594045,5.585,37,Zone_B
2025-09-23T06:43:33Z,12.935066777948514,77.51201362845305,2.378,173,Zone_B
2025-09-23T06:43:34Z,12.935072388896467,77.5120119127104,2.419,301,Zone_B
2025-09-23T06:43:35Z,12.935077379259138,77.51200611658345,2.692,203,Zone_B
2025-09-23T06:43:36Z,12.935082780086638,77.51200277322528,2.39,318,Zone_A
2025-09-23T06:43:37Z,12.935095778302559,77.51200019380504,4.927,334,Zone_C
2025-09-23T06:43:38Z,12.935103617667453,77.51200540455967,4.319,216,Zone_B
2025-09-23T06:43:39Z,12.935116277682951,77.512001963228,4.569,308,Zone_B
2025-09-23T06:43:40Z,12.935124493988377,77.51199987331647,3.732,270,Zone_A
2025-09-23T06:43:41Z,12.935129975625994,77.51199722214595,2.034,159,Zone_C
2025-09-23T06:43:42Z,12.935139132156143,77.51199036306302,4.246,225,Zone_B
2025-09-23T06:43:43Z,12.935141860681416,77.5119787250564,4.943,224,Zone_A
2025-09-23T06:43:44Z,12.935154023247264,77.51196747092112,6.551,194,Zone_C
2025-09-23T06:43:45Z,12.935160932114572,77.51195302387906,5.809,59,Zone_C
2025-09-23T06:43:46Z,12.935163291429292,77.51194737629716,2.357,142,Zone_C
2025-09-23T06:43:47Z,12.935170733164249,77.51194306451592,3.222,44,Zone_C
2025-09-23T06:43:48Z,12.935178174288868,77.51193376437692,5.073,35,Zone_B
2025-09-23T06:43:49Z,12.935179415342294,77.51193243146146,0.625,25,Zone_B
2025-09-23T06:43:50Z,12.935183264952114,77.51192697143533,1.981,168,Zone_B
2025-09-23T06:43:51Z,12.935181645642363,77.51192175933245,2.282,230,Zone_A
2025-09-23T06:43:52Z,12.935189902602817,77.5119070832483,5.984,222,Zone_B
2025-09-23T06:43:53Z,12.93519475516114,77.51189476258449,4.094,342,Zone_A
2025-09-23T06:43:54Z,12.935195677936889,77.51189179623879,1.145,219,Zone_C
2025-09-23T06:43:55Z,12.935196123590229,77.51188272767415,2.947,222,Zone_A
2025-09-23T06:43:56Z,12.935198391356504,77.51186129615027,7.417,153,Zone_A
2025-09-23T06:43:57Z,12.935199471587666,77.51184234897913,5.75,213,Zone_A
2025-09-23T06:43:58Z,12.935197122341917,77.51182483576757,5.74,135,Zone_A
2025-09-23T06:43:59Z,12.935197853381906,77.51181481838806,4.784,264,Zone_A
2025-09-23T06:44:00Z,12.935194798849679,77.5118051692602,4.488,332,Zone_C
2025-09-23T06:44:01Z,12.935190839323049,77.51179167726049,4.251,242,Zone_A
2025-09-23T06:44:02Z,12.935186006660128,77.51178324103435,4.062,324,Zone_B
2025-09-23T06:44:03Z,12.935182396243745,77.51177817540089,2.714,150,Zone_B
2025-09-23T06:44:04Z,12.935179837474028,77.51176364965951,5.271,97,Zone_B
2025-09-23T06:44:05Z,12.935180832459913,77.51175908178934,1.667,190,Zone_B
2025-09-23T06:44:06Z,12.935184250156377,77.51174827957668,3.588,234,Zone_A
2025-09-23T06:44:07Z,12.935184061932349,77.51174644632036,0.617,61,Zone_C
2025-09-23T06:44:08Z,12.935186172509095,77.5117308164227,5.907,118,Zone_B
2025-09-23T06:44:09Z,12.9351876421327,77.5117173100552,6.116,328,Zone_C
2025-09-23T06:44:10Z,12.935189415402432,77.51169792786496,6.324,82,Zone_A
2025-09-23T06:44:11Z,12.935194001979468,77.51168124083551,5.781,59,Zone_A
2025-09-23T06:44:12Z,12.935196383376457,77.51166756487316,3.958,21,Zone_B
2025-09-23T06:44:13Z,12.93520455335387,77.51165633007452,6.117,3,Zone_A
2025-09-23T06:44:14Z,12.93520843294718,77.51165104865512,2.471,121,Zone_A
2025-09-23T06:44:15Z,12.935217495844416,77.51163886578242,5.462,251,Zone_C
2025-09-23T06:44:16Z,12.935234646457847,77.51163242271964,5.62,327,Zone_B
2025-09-23T06:44:17Z,12.935247181206861,77.51162093118556,5.306,319,Zone_B
2025-09-23T06:44:18Z,12.935265202416312,77.51161639715107,5.403,205,Zone_B
2025-09-23T06:44:19Z,12.93527829226543,77.51161556639998,4.329,157,Zone_B
2025-09-23T06:44:20Z,12.935291748372018,77.51161843331596,4.795,40,Zone_A
2025-09-23T06:44:21Z,12.93529784914717,77.5116163103478,2.768,43,Zone_C
2025-09-23T06:44:22Z,12.9345,77.5125,369.648,346,Zone_A
2025-09-23T06:44:23Z,12.934502,77.51250099334666,0.738,236,Zone_C
2025-09-23T06:44:24Z,12.934504,77.51250194709172,0.698,147,Zone_A
2025-09-23T06:44:25Z,12.934506,77.51250282321237,0.688,77,Zone_A
2025-09-23T06:44:26Z,12.934508,77.51250358678045,0.844,165,Zone_B
2025-09-23T06:44:27Z,12.93451,77.51250420735492,0.598,181,Zone_C
2025-09-23T06:44:28Z,12.934512,77.51250466019543,0.629,20,Zone_C
2025-09-23T06:44:29Z,12.934514,77.51250492724866,0.983,247,Zone_A
2025-09-23T06:44:30Z,12.934516,77.51250499786802,0.702,144,Zone_B
2025-09-23T06:44:31Z,12.934518,77.51250486923816,0.723,182,Zone_A
2025-09-23T06:44:32Z,12.93452,77.51250454648714,0.983,121,Zone_C
2025-09-23T06:44:33Z,12.934522,77.51250404248202,1.012,319,Zone_C
2025-09-23T06:44:34Z,12.934524,77.51250337731591,0.916,31,Zone_A
2025-09-23T06:44:35Z,12.934526,77.51250257750687,0.778,215,Zone_B
2025-09-23T06:44:36Z,12.934528,77.51250167494075,0.894,238,Zone_B
2025-09-23T06:44:37Z,12.93453,77.51250070560005,1.069,244,Zone_A
2025-09-23T06:44:38Z,12.934531999999999,77.51249970812928,0.821,221,Zone_C
2025-09-23T06:44:39Z,12.934534,77.5124987222945,0.933,287,Zone_B
2025-09-23T06:44:40Z,12.934536,77.51249778739779,0.733,27,Zone_C
2025-09-23T06:44:41Z,12.934538,77.51249694071055,0.705,242,Zone_B
2025-09-23T06:44:42Z,12.93454,77.51249621598753,0.866,248,Zone_B
2025-09-23T06:44:43Z,12.934542,77.51249564212114,0.787,104,Zone_B
2025-09-23T06:44:44Z,12.934544,77.51249524198964,0.736,97,Zone_A
2025-09-23T06:44:45Z,12.934546,77.51249503154499,0.744,225,Zone_A
2025-09-23T06:44:46Z,12.934548,77.51249501917695,0.723,192,Zone_B
2025-09-23T06:44:47Z,12.93455,77.51249520537863,0.725,96,Zone_A
2025-09-23T06:44:48Z,12.934552,77.51249558272673,0.743,128,Zone_B
2025-09-23T06:44:49Z,12.934554,77.51249613617756,0.899,285,Zone_C
2025-09-23T06:44:50Z,12.934556,77.51249684366681,0.914,286,Zone_B
2025-09-23T06:44:51Z,12.934557999999999,77.5124976769891,0.706,74,Zone_B
2025-09-23T06:44:52Z,12.93456,77.5124986029225,0.838,332,Zone_C
2025-09-23T06:44:53Z,12.934562,77.51249958455298,0.77,355,Zone_C
2025-09-23T06:44:54Z,12.934564,77.51250058274603,0.765,41,Zone_A
2025-09-23T06:44:55Z,12.934566,77.51250155770683,0.993,159,Zone_A
2025-09-23T06:44:56Z,12.934568,77.51250247056676,0.741,157,Zone_A
2025-09-23T06:44:57Z,12.934569999999999,77.51250328493299,0.985,117,Zone_C
2025-09-23T06:44:58Z,12.934572,77.51250396833932,0.822,107,Zone_B
2025-09-23T06:44:59Z,12.934574,77.51250449354048,0.754,157,Zone_A
2025-09-23T06:45:00Z,12.934576,77.51250483959836,0.87,60,Zone_A
2025-09-23T06:45:01Z,12.934578,77.51250499271673,0.897,132,Zone_B
2025-09-23T06:45:02Z,12.93458,77.51250494679124,0.88,30,Zone_A
2025-09-23T06:45:03Z,12.934582,77.51250470365278,0.926,285,Zone_A
2025-09-23T06:45:04Z,12.934584,77.51250427299455,1.018,106,Zone_A
2025-09-23T06:45:05Z,12.934586,77.5125036719855,1.031,307,Zone_A
2025-09-23T06:45:06Z,12.934588,77.51250292458597,0.669,230,Zone_C
2025-09-23T06:45:07Z,12.93459,77.51250206059242,0.922,178,Zone_B
2025-09-23T06:45:08Z,12.934592,77.51250111444958,0.996,214,Zone_A
2025-09-23T06:45:09Z,12.934594,77.51250012387713,0.998,26,Zone_A
2025-09-23T06:45:10Z,12.934595999999999,77.5124991283661,0.699,329,Zone_A
2025-09-23T06:45:11Z,12.934598,77.51249816760436,0.977,225,Zone_C
2025-09-23T06:45:12Z,12.9346,77.51249727989445,0.939,22,Zone_B
2025-09-23T06:45:13Z,12.934602,77.51249650062657,0.944,300,Zone_C
2025-09-23T06:45:14Z,12.934604,77.51249586086766,0.668,135,Zone_B
2025-09-23T06:45:15Z,12.934606,77.5124953861229,0.727,53,Zone_A
2025-09-23T06:45:16Z,12.934608,77.51249509531885,0.881,66,Zone_C
2025-09-23T06:45:17Z,12.93461,77.51249500004897,0.699,330,Zone_C
2025-09-23T06:45:18Z,12.934612,77.51249510411135,0.644,185,Zone_C
2025-09-23T06:45:19Z,12.934614,77.51249540335738,0.717,225,Zone_C
2025-09-23T06:45:20Z,12.934616,77.51249588585702,0.751,237,Zone_B
2025-09-23T06:45:21Z,12.934618,77.51249653237458,0.803,287,Zone_C
2025-09-23T06:45:22Z,12.93462,77.51249731713541,0.897,135,Zone_C
2025-09-23T06:45:23Z,12.934622,77.51249820885359,0.872,140,Zone_A
2025-09-23T06:45:24Z,12.934624,77.51249917197913,0.92,218,Zone_B
2025-09-23T06:45:25Z,12.934626,77.51250016811524,0.725,128,Zone_A
2025-09-23T06:45:26Z,12.934628,77.51250115754912,1.075,111,Zone_B
2025-09-23T06:45:27Z,12.93463,77.51250210083519,0.665,308,Zone_B
2025-09-23T06:45:28Z,12.934632,77.51250296036757,0.68,277,Zone_C
2025-09-23T06:45:29Z,12.934633999999999,77.51250370187945,0.643,181,Zone_C
2025-09-23T06:45:30Z,12.934636,77.51250429580908,0.94,15,Zone_B
2025-09-23T06:45:31Z,12.934638,77.51250471847835,0.655,229,Zone_B
2025-09-23T06:45:32Z,12.93464,77.51250495303678,0.708,180,Zone_C
2025-09-23T06:45:33Z,12.934642,77.51250499013327,0.876,20,Zone_A
2025-09-23T06:45:34Z,12.934644,77.51250482828888,0.954,9,Zone_B
2025-09-23T06:45:35Z,12.934646,77.51250447395586,0.582,334,Zone_B
2025-09-23T06:45:36Z,12.934648,77.51250394126033,0.775,230,Zone_C
2025-09-23T06:45:37Z,12.93465,77.5125032514392,0.758,25,Zone_B
2025-09-23T06:45:38Z,12.934652,77.51250243199345,1.068,233,Zone_C
2025-09-23T06:45:39Z,12.934654,77.5125015155918,0.861,200,Zone_B
2025-09-23T06:45:40Z,12.934656,77.51250053876826,0.861,228,Zone_A
2025-09-23T06:45:41Z,12.934658,77.51249954046575,0.819,260,Zone_A
2025-09-23T06:45:42Z,12.93466,77.51249856048342,0.809,282,Zone_B
2025-09-23T06:45:43Z,12.934662,77.51249763789006,0.85,90,Zone_A
2025-09-23T06:45:44Z,12.934664,77.5124968094666,0.787,19,Zone_B
2025-09-23T06:45:45Z,12.934666,77.51249610823962,0.973,152,Zone_C
2025-09-23T06:45:46Z,12.934668,77.51249556216483,0.749,301,Zone_A
2025-09-23T06:45:47Z,12.93467,77.51249519301254,0.708,221,Zone_C
2025-09-23T06:45:48Z,12.934671999999999,77.51249501549967,0.59,244,Zone_C
2025-09-23T06:45:49Z,12.934674,77.5124950367031,0.755,41,Zone_B
2025-09-23T06:45:50Z,12.934676,77.51249525577751,0.784,50,Zone_C
2025-09-23T06:45:51Z,12.934678,77.5124956639891,1.01,163,Zone_A
2025-09-23T06:45:52Z,12.93468,77.51249624506377,0.637,157,Zone_A
2025-09-23T06:45:53Z,12.934682,77.51249697583589,0.947,286,Zone_B
2025-09-23T06:45:54Z,12.934684,77.5124978271719,0.667,3,Zone_A
2025-09-23T06:45:55Z,12.934686,77.5124987651317,0.68,342,Zone_C
2025-09-23T06:45:56Z,12.934688,77.5124997523218,0.886,338,Zone_B
2025-09-23T06:45:57Z,12.93469,77.51250074938605,0.643,260,Zone_A
2025-09-23T06:45:58Z,12.934692,77.51250171657465,0.988,27,Zone_C
2025-09-23T06:45:59Z,12.934694,77.51250261532883,0.627,344,Zone_A
2025-09-23T06:46:00Z,12.934696,77.51250340981811,0.73,227,Zone_B
2025-09-23T06:46:01Z,12.934698,77.51250406836868,0.731,117,Zone_B
2025-09-23T06:46:02Z,12.9347,77.51250456472626,0.634,88,Zone_A
2025-09-23T06:46:03Z,12.934702,77.5125048791026,0.762,48,Zone_B
2025-09-23T06:46:04Z,12.934704,77.5125049989645,0.614,342,Zone_B
2025-09-23T06:46:05Z,12.934706,77.51250491953347,0.608,289,Zone_C
2025-09-23T06:46:06Z,12.934708,77.51250464397617,0.585,328,Zone_B
2025-09-23T06:46:07Z,12.934709999999999,77.5125041832782,0.782,88,Zone_A
2025-09-23T06:46:08Z,12.934712,77.51250355580612,0.891,311,Zone_C
2025-09-23T06:46:09Z,12.934714,77.51250278657527,0.695,253,Zone_A
2025-09-23T06:46:10Z,12.934716,77.51250190625247,0.755,213,Zone_A
2025-09-23T06:46:11Z,12.934718,77.51250094993338,0.743,115,Zone_A
2025-09-23T06:46:12Z,12.93472,77.51249995574345,0.88,159,Zone_B
2025-09-23T06:46:13Z,12.934722,77.5124989633179,1.047,249,Zone_A
2025-09-23T06:46:14Z,12.934724,77.51249801222158,1.077,266,Zone_B
2025-09-23T06:46:15Z,12.934726,77.51249714037172,0.935,150,Zone_C
2025-09-23T06:46:16Z,12.934728,77.51249638252622,0.844,233,Zone_B
2025-09-23T06:46:17Z,12.93473,77.51249576889798,0.753,301,Zone_A
2025-09-23T06:46:18Z,12.934732,77.51249532395043,0.625,13,Zone_B
2025-09-23T06:46:19Z,12.934734,77.51249506542221,0.94,248,Zone_A
2025-09-23T06:46:20Z,12.934736,77.51249500362005,0.643,349,Zone_B
2025-09-23T06:46:21Z,12.934738,77.51249514100778,0.953,284,Zone_B
2025-09-23T06:46:22Z,12.93474,77.5124954721082,0.587,275,Zone_A
2025-09-23T06:46:23Z,12.934742,77.51249598372137,0.734,56,Zone_A
2025-09-23T06:46:24Z,12.934744,77.5124966554509,0.826,290,Zone_A
2025-09-23T06:46:25Z,12.934746,77.51249746051705,0.668,252,Zone_B
2025-09-23T06:46:26Z,12.934747999999999,77.51249836682437,0.674,205,Zone_A
2025-09-23T06:46:27Z,12.93475,77.51249933824126,0.669,286,Zone_A
2025-09-23T06:46:28Z,12.934752,77.51250033604036,0.746,299,Zone_A
2025-09-23T06:46:29Z,12.934754,77.51250132044261,0.863,49,Zone_A
2025-09-23T06:46:30Z,12.934756,77.51250225220298,1.081,116,Zone_C
2025-09-23T06:46:31Z,12.934758,77.51250309417512,0.82,134,Zone_A
2025-09-23T06:46:32Z,12.93476,77.51250381279226,0.806,221,Zone_A
2025-09-23T06:46:33Z,12.934762,77.5125043794054,0.722,150,Zone_C
2025-09-23T06:46:34Z,12.934764,77.51250477142547,0.983,239,Zone_C
2025-09-23T06:46:35Z,12.934766,77.51250497322387,0.732,327,Zone_A
2025-09-23T06:46:36Z,12.934768,77.51250497675552,0.786,74,Zone_A
2025-09-23T06:46:37Z,12.93477,77.51250478187964,0.823,140,Zone_B
2025-09-23T06:46:38Z,12.934772,77.51250439636532,0.647,68,Zone_C
2025-09-23T06:46:39Z,12.934773999999999,77.51250383558177,0.89,137,Zone_C
2025-09-23T06:46:40Z,12.934776,77.51250312188569,0.643,8,Zone_C
2025-09-23T06:46:41Z,12.934778,77.51250228372986,0.931,3,Zone_A
2025-09-23T06:46:42Z,12.93478,77.51250135452895,0.673,312,Zone_A
2025-09-23T06:46:43Z,12.934782,77.51250037132723,0.801,145,Zone_B
2025-09-23T06:46:44Z,12.934784,77.51249937332187,0.74,341,Zone_C
2025-09-23T06:46:45Z,12.934785999999999,77.51249840030019,0.865,95,Zone_C
2025-09-23T06:46:46Z,12.934788,77.5124974910535,0.915,34,Zone_C
2025-09-23T06:46:47Z,12.93479,77.51249668183058,0.674,51,Zone_B
2025-09-23T06:46:48Z,12.934792,77.51249600489261,0.765,167,Zone_C
2025-09-23T06:46:49Z,12.934794,77.51249548722696,0.856,272,Zone_A
2025-09-23T06:46:50Z,12.934796,77.51249514947133,0.674,223,Zone_C
2025-09-23T06:46:51Z,12.934798,77.51249500509098,0.848,26,Zone_A
2025-09-23T06:46:52Z,12.935310586990981,77.51161323512571,353.112,190,Zone_C
2025-09-23T06:46:53Z,12.935322018188549,77.51160968264392,4.784,356,Zone_C
2025-09-23T06:46:54Z,12.935325496298773,77.51160813815305,1.136,237,Zone_B
2025-09-23T06:46:55Z,12.935329701316974,77.51160596538064,1.929,218,Zone_B
2025-09-23T06:46:56Z,12.935336081516345,77.51160564572578,2.146,116,Zone_C
2025-09-23T06:46:57Z,12.935348880827734,77.51160549947595,6.249,114,Zone_B
2025-09-23T06:46:58Z,12.93536904290687,77.51161414553481,6.907,184,Zone_B
2025-09-23T06:46:59Z,12.935381712798186,77.51162587636672,5.701,267,Zone_A
2025-09-23T06:47:00Z,12.93538853408253,77.51162312472285,2.288,323,Zone_B
2025-09-23T06:47:01Z,12.93539427806184,77.51161200254498,4.742,339,Zone_B
2025-09-23T06:47:02Z,12.935405007075552,77.5116018876619,5.179,235,Zone_C
2025-09-23T06:47:03Z,12.935418189344205,77.51159683053282,4.065,226,Zone_A
2025-09-23T06:47:04Z,12.93542879966511,77.51158515652749,6.438,298,Zone_A
2025-09-23T06:47:05Z,12.935431794215436,77.51157863881741,3.167,232,Zone_C
2025-09-23T06:47:06Z,12.935445722226019,77.51157496206213,5.095,356,Zone_C
2025-09-23T06:47:07Z,12.935454695742445,77.5115600293878,5.051,286,Zone_A
2025-09-23T06:47:08Z,12.935460974370908,77.51155647214154,2.834,129,Zone_A
2025-09-23T06:47:09Z,12.935477643135021,77.51155285570997,5.367,254,Zone_C
2025-09-23T06:47:10Z,12.935483921709034,77.51155437753224,2.137,74,Zone_B
2025-09-23T06:47:11Z,12.935495430544968,77.51155246425378,4.167,269,Zone_C
2025-09-23T06:47:12Z,12.935500852790417,77.5115544450466,1.715,128,Zone_B
2025-09-23T06:47:13Z,12.935507986619012,77.51156199236316,4.977,66,Zone_C
2025-09-23T06:47:14Z,12.935515274082727,77.51156330527193,2.479,300,Zone_A
2025-09-23T06:47:15Z,12.935517062628243,77.51156313067412,0.729,131,Zone_C
2025-09-23T06:47:16Z,12.935532898759913,77.51157115102815,5.289,308,Zone_B
2025-09-23T06:47:17Z,12.935540729351716,77.51157735751805,3.301,257,Zone_B
2025-09-23T06:47:18Z,12.935555299402397,77.51158066471756,6.527,91,Zone_C
2025-09-23T06:47:19Z,12.935558841707552,77.5115788630093,1.136,137,Zone_B
2025-09-23T06:47:20Z,12.935568052831368,77.51157238457128,3.205,62,Zone_A
2025-09-23T06:47:21Z,12.935572233349541,77.51156371407117,3.367,252,Zone_A
2025-09-23T06:47:22Z,12.935581166421478,77.51155307594932,5.866,283,Zone_B
2025-09-23T06:47:23Z,12.935587190551967,77.51154172614264,4.926,339,Zone_A
2025-09-23T06:47:24Z,12.935584833897032,77.51153756322708,1.437,151,Zone_A
2025-09-23T06:47:25Z,12.93557567090838,77.51153724426752,3.265,336,Zone_A
2025-09-23T06:47:26Z,12.935566104068439,77.51153845787641,4.739,188,Zone_C
2025-09-23T06:47:27Z,12.93555594316352,77.51154267481611,3.387,98,Zone_B
2025-09-23T06:47:28Z,12.93554732460292,77.51154483290384,3.164,40,Zone_A
2025-09-23T06:47:29Z,12.93553891191607,77.51154474153171,3.168,213,Zone_A
2025-09-23T06:47:30Z,12.935534768857696,77.5115436604652,1.783,39,Zone_B
2025-09-23T06:47:31Z,12.935530860124834,77.51153546278313,3.683,104,Zone_A
2025-09-23T06:47:32Z,12.93553094218576,77.5115336213038,0.714,147,Zone_C
2025-09-23T06:47:33Z,12.935527234140014,77.51152737559644,3.276,177,Zone_B
2025-09-23T06:47:34Z,12.935519182203775,77.51151675087623,4.715,220,Zone_A
2025-09-23T06:47:35Z,12.935507765083509,77.51150405337783,7.36,163,Zone_A
2025-09-23T06:47:36Z,12.935511513396419,77.51149125102002,3.861,71,Zone_A
2025-09-23T06:47:37Z,12.935526603738504,77.51147781826259,5.778,107,Zone_B
2025-09-23T06:47:38Z,12.935526552724786,77.51147163189786,2.244,340,Zone_A
2025-09-23T06:47:39Z,12.935526798120643,77.51146980577101,0.682,235,Zone_A
2025-09-23T06:47:40Z,12.935527843902596,77.51145671507541,3.878,341,Zone_C
2025-09-23T06:47:41Z,12.935532172831428,77.51144756144801,3.777,15,Zone_B
2025-09-23T06:47:42Z,12.935533338492611,77.51144615870481,0.859,123,Zone_B
2025-09-23T06:47:43Z,12.935538090608478,77.51143886156639,3.737,238,Zone_B
2025-09-23T06:47:44Z,12.935539446719558,77.51143386319859,1.474,171,Zone_B
2025-09-23T06:47:45Z,12.935540426804096,77.51142669294727,3.144,131,Zone_A
2025-09-23T06:47:46Z,12.93554065086363,77.51142486393537,0.639,337,Zone_B
2025-09-23T06:47:47Z,12.935536734084936,77.51140373831277,7.853,211,Zone_A
2025-09-23T06:47:48Z,12.935534084729309,77.51139449031069,2.702,188,Zone_A
2025-09-23T06:47:49Z,12.935532346133066,77.51138088123597,4.899,144,Zone_C
2025-09-23T06:47:50Z,12.935523403424249,77.51137313326278,5.081,244,Zone_C
2025-09-23T06:47:51Z,12.935514236530157,77.5113726206181,2.995,225,Zone_A
2025-09-23T06:47:52Z,12.935489972659433,77.51136963996095,11.978,205,Zone_C
2025-09-23T06:47:53Z,12.935474781280426,77.51137057410116,5.495,139,Zone_B
2025-09-23T06:47:54Z,12.935463468753454,77.51136866610186,5.351,234,Zone_A
2025-09-23T06:47:55Z,12.93545601199582,77.51136559251415,2.728,257,Zone_C
2025-09-23T06:47:56Z,12.935451918226166,77.51135995826904,2.834,198,Zone_C
2025-09-23T06:47:57Z,12.93544926107512,77.51134990287038,4.894,52,Zone_A
2025-09-23T06:47:58Z,12.935431710762552,77.5113349448533,8.892,128,Zone_C
2025-09-23T06:47:59Z,12.93542737470925,77.5113189513414,6.587,278,Zone_A
2025-09-23T06:48:00Z,12.935430250746043,77.51130371863132,6.374,58,Zone_C
2025-09-23T06:48:01Z,12.935439677249608,77.51129252989875,6.651,249,Zone_B
2025-09-23T06:48:02Z,12.935449778302848,77.51128059644178,6.595,212,Zone_B
2025-09-23T06:48:03Z,12.935464454283064,77.51127368119103,6.157,145,Zone_A
2025-09-23T06:48:04Z,12.935479654519854,77.51126888778262,4.743,323,Zone_B
2025-09-23T06:48:05Z,12.935500700544607,77.51125889710383,7.0,184,Zone_A
2025-09-23T06:48:06Z,12.935505291886349,77.51125487447302,2.568,212,Zone_C
2025-09-23T06:48:07Z,12.935510928399802,77.51124405849849,4.483,344,Zone_B
2025-09-23T06:48:08Z,12.935511321612125,77.51122801729915,7.076,116,Zone_B
2025-09-23T06:48:09Z,12.93551388804083,77.51122494272468,1.368,308,Zone_B
2025-09-23T06:48:10Z,12.935512342096281,77.51121219060137,5.478,189,Zone_B
2025-09-23T06:48:11Z,12.935508587857539,77.5112070686418,2.718,6,Zone_A
2025-09-23T06:48:12Z,12.935508029008078,77.5112050379013,0.696,82,Zone_A
2025-09-23T06:48:13Z,12.935506040745063,77.51120111817254,1.477,328,Zone_A
2025-09-23T06:48:14Z,12.935504588225285,77.51119109969805,3.594,266,Zone_B
2025-09-23T06:48:15Z,12.93550069182231,77.51117507131289,5.534,299,Zone_C
2025-09-23T06:48:16Z,12.935500924300758,77.51116612949113,2.536,224,Zone_A
2025-09-23T06:48:17Z,12.93550260754098,77.51115231266331,6.099,38,Zone_A
2025-09-23T06:48:18Z,12.935503065705591,77.51114609219084,1.866,194,Zone_A
2025-09-23T06:48:19Z,12.935503712977225,77.51113992291063,1.856,6,Zone_A
2025-09-23T06:48:20Z,12.935503247358687,77.51113502027425,1.57,129,Zone_B
2025-09-23T06:48:21Z,12.935508252927942,77.51112521015206,3.309,17,Zone_B
2025-09-23T06:48:22Z,12.93550908379116,77.51111796176025,3.449,124,Zone_C
2025-09-23T06:48:23Z,12.935514554508282,77.51110665746094,3.814,234,Zone_C
2025-09-23T06:48:24Z,12.935531023601504,77.5111026168586,6.035,276,Zone_B
2025-09-23T06:48:25Z,12.935532718558546,77.51110200554946,0.636,9,Zone_A
2025-09-23T06:48:26Z,12.935547201405408,77.51109921522696,6.63,295,Zone_C
2025-09-23T06:48:27Z,12.935562756372352,77.51111310088258,10.148,127,Zone_B
2025-09-23T06:48:28Z,12.935565489130639,77.5111161564253,1.277,280,Zone_A
2025-09-23T06:48:29Z,12.9355659475537,77.51112479692809,2.575,323,Zone_A
2025-09-23T06:48:30Z,12.935562904408645,77.51113432324708,4.211,70,Zone_C
2025-09-23T06:48:31Z,12.935559821483562,77.51114641118116,4.437,117,Zone_C
2025-09-23T06:48:32Z,12.935553570763476,77.51115745408666,3.974,146,Zone_A
2025-09-23T06:48:33Z,12.935551132876077,77.51116538243701,2.954,49,Zone_C
2025-09-23T06:48:34Z,12.935552537353281,77.51116867288945,1.573,14,Zone_B
2025-09-23T06:48:35Z,12.93555924982834,77.5111739438235,3.041,216,Zone_C
2025-09-23T06:48:36Z,12.93556183510646,77.51119355628144,7.701,338,Zone_A
2025-09-23T06:48:37Z,12.935550860254104,77.51120196114977,4.219,298,Zone_B
2025-09-23T06:48:38Z,12.935537722592144,77.51120976110104,6.108,185,Zone_A
2025-09-23T06:48:39Z,12.935526756871221,77.51121321365989,4.355,8,Zone_B
2025-09-23T06:48:40Z,12.935519276024309,77.51121102799242,3.199,190,Zone_C
2025-09-23T06:48:41Z,12.935514936121628,77.51121306764242,1.537,281,Zone_A
2025-09-23T06:48:42Z,12.935503510650475,77.5112217078446,5.084,59,Zone_C
2025-09-23T06:48:43Z,12.93549853264803,77.51122515844425,2.623,57,Zone_C
2025-09-23T06:48:44Z,12.93549675242439,77.5112254069397,0.532,132,Zone_A
2025-09-23T06:48:45Z,12.935481393612216,77.51122732551138,7.234,150,Zone_A
2025-09-23T06:48:46Z,12.935477625939207,77.51123162427014,1.696,130,Zone_C
2025-09-23T06:48:47Z,12.935472592114825,77.51124374837022,4.104,314,Zone_A
2025-09-23T06:48:48Z,12.935473193136103,77.51125122860971,2.991,48,Zone_A
2025-09-23T06:48:49Z,12.935472586900577,77.5112529638976,0.553,308,Zone_B
2025-09-23T06:48:50Z,12.935472647831864,77.51125480623995,0.846,189,Zone_C
2025-09-23T06:48:51Z,12.935474509780242,77.51126141585507,2.327,287,Zone_A
2025-09-23T06:48:52Z,12.935484206780911,77.5112735580859,6.432,269,Zone_C
2025-09-23T06:48:53Z,12.935491414595983,77.51128060143247,3.221,220,Zone_C
2025-09-23T06:48:54Z,12.935494831548612,77.51128458597738,1.688,238,Zone_B
2025-09-23T06:48:55Z,12.935496615220355,77.51129500003464,4.787,85,Zone_B
2025-09-23T06:48:56Z,12.935496024403598,77.5112967409124,0.849,19,Zone_B
2025-09-23T06:48:57Z,12.93549706818887,77.51130741091754,4.371,348,Zone_A
2025-09-23T06:48:58Z,12.935506422936038,77.51132293972437,7.393,33,Zone_B
2025-09-23T06:48:59Z,12.935505330444878,77.51132823907591,1.616,282,Zone_C
2025-09-23T06:49:00Z,12.93550218735107,77.51133602764679,3.54,15,Zone_A
2025-09-23T06:49:01Z,12.935493422536469,77.5113505971937,7.852,252,Zone_A
2025-09-23T06:49:02Z,12.935486176890194,77.5113519257618,2.846,116,Zone_B
2025-09-23T06:49:03Z,12.935461572198603,77.5113549713259,7.122,166,Zone_A
2025-09-23T06:49:04Z,12.935443727430103,77.5113397841143,11.312,288,Zone_B
2025-09-23T06:49:05Z,12.935435799917377,77.5113343890194,2.766,155,Zone_B
2025-09-23T06:49:06Z,12.935425443239039,77.51133168911272,4.668,240,Zone_B
2025-09-23T06:49:07Z,12.935411374098635,77.51133074117394,4.908,82,Zone_B
2025-09-23T06:49:08Z,12.935406724621323,77.51132797697916,2.381,172,Zone_A
2025-09-23T06:49:09Z,12.935404941703707,77.51132774972479,0.587,87,Zone_B
2025-09-23T06:49:10Z,12.93539429798557,77.51133382862581,3.763,161,Zone_A
2025-09-23T06:49:11Z,12.93538031823526,77.51134003461324,5.636,298,Zone_C
2025-09-23T06:49:12Z,12.93536506572935,77.5113450769396,5.857,79,Zone_C
2025-09-23T06:49:13Z,12.935363302855277,77.51134472132193,0.523,174,Zone_B
2025-09-23T06:49:14Z,12.935356359924695,77.51134577285032,2.289,228,Zone_C
2025-09-23T06:49:15Z,12.935341566591031,77.51134697002911,4.372,106,Zone_B
2025-09-23T06:49:16Z,12.935326836989894,77.51135543754627,5.85,77,Zone_C
2025-09-23T06:49:17Z,12.9353205882926,77.5113613915094,3.413,305,Zone_A
2025-09-23T06:49:18Z,12.935311304400914,77.51136436186788,3.983,285,Zone_A
2025-09-23T06:49:19Z,12.935301826405658,77.51136946230976,3.845,28,Zone_B
2025-09-23T06:49:20Z,12.935282706545975,77.51137573702141,7.949,359,Zone_C
2025-09-23T06:49:21Z,12.935269353700711,77.51137716067575,5.097,274,Zone_B
2025-09-23T06:49:22Z,12.935261885803385,77.51137998639108,2.908,53,Zone_A
2025-09-23T06:49:23Z,12.935256824951407,77.51138678264549,2.609,226,Zone_B
2025-09-23T06:49:24Z,12.935252170319147,77.51139105688166,2.708,23,Zone_C
2025-09-23T06:49:25Z,12.935250425259136,77.51139149534589,0.595,114,Zone_A
2025-09-23T06:49:26Z,12.935232087284797,77.51139928718617,7.38,204,Zone_C
2025-09-23T06:49:27Z,12.93522883008183,77.51140089828009,1.308,183,Zone_C
2025-09-23T06:49:28Z,12.935221795029186,77.51140253709882,2.137,34,Zone_B
2025-09-23T06:49:29Z,12.935211880987907,77.51140391302111,3.602,238,Zone_A
2025-09-23T06:49:30Z,12.935199557084458,77.51140286125977,5.253,205,Zone_C
2025-09-23T06:49:31Z,12.935187303672759,77.51140596894551,3.919,320,Zone_A
2025-09-23T06:49:32Z,12.93518332639226,77.5114080956973,1.526,295,Zone_A
2025-09-23T06:49:33Z,12.935176961700332,77.51140963205219,2.435,313,Zone_C
2025-09-23T06:49:34Z,12.935166825091104,77.51141667274916,4.415,284,Zone_B
2025-09-23T06:49:35Z,12.935163499611788,77.51142791176257,3.485,175,Zone_B
2025-09-23T06:49:36Z,12.935148554083447,77.51143584908714,5.966,287,Zone_C
2025-09-23T06:49:37Z,12.935146133996154,77.51145362054817,5.173,99,Zone_C
2025-09-23T06:49:38Z,12.935136707260629,77.51146929827156,5.739,276,Zone_C
2025-09-23T06:49:39Z,12.935132864307676,77.51147750059195,3.768,306,Zone_B
2025-09-23T06:49:40Z,12.935138580587846,77.5114878094368,4.598,201,Zone_C
2025-09-23T06:49:41Z,12.93514430909198,77.51150354501519,4.753,343,Zone_A
2025-09-23T06:49:42Z,12.935144700235055,77.51151406677685,3.656,213,Zone_C
2025-09-23T06:49:43Z,12.935143191376527,77.51152535396712,5.191,148,Zone_B
2025-09-23T06:49:44Z,12.935139608290427,77.51153624966587,3.434,66,Zone_B
2025-09-23T06:49:45Z,12.935142073926025,77.51155175837214,6.141,29,Zone_B
2025-09-23T06:49:46Z,12.935141088270727,77.51156117938633,4.251,143,Zone_A
2025-09-23T06:49:47Z,12.935137514527884,77.51157274806685,4.677,277,Zone_C
2025-09-23T06:49:48Z,12.935135483180268,77.51159127846407,6.702,13,Zone_A
2025-09-23T06:49:49Z,12.93513330036398,77.51160458165495,4.49,188,Zone_C
2025-09-23T06:49:50Z,12.935133347225166,77.51161154620978,3.183,173,Zone_A
2025-09-23T06:49:51Z,12.935133406873733,77.5116133885938,0.536,59,Zone_C
2025-09-23T06:49:52Z,12.935133235911891,77.51161522362916,0.618,102,Zone_C
2025-09-23T06:49:53Z,12.935128886658928,77.51162054959106,2.743,257,Zone_B
2025-09-23T06:49:54Z,12.935127945099897,77.5116221195673,0.678,55,Zone_A
2025-09-23T06:49:55Z,12.935127090216708,77.51164884599561,8.324,56,Zone_B
2025-09-23T06:49:56Z,12.93512921958847,77.5116542922818,2.612,189,Zone_C
2025-09-23T06:49:57Z,12.9351407829976,77.51167134667885,8.842,211,Zone_C
2025-09-23T06:49:58Z,12.93515457998206,77.51167471779556,4.782,312,Zone_C
2025-09-23T06:49:59Z,12.935173825753237,77.51167678453353,8.624,138,Zone_B
2025-09-23T06:50:00Z,12.93518550715718,77.51166626027154,5.407,117,Zone_C
2025-09-23T06:50:01Z,12.935186819238277,77.51166500100413,0.622,331,Zone_C
2025-09-23T06:50:02Z,12.935193846988081,77.51164925058968,5.158,170,Zone_C
2025-09-23T06:50:03Z,12.935197879226362,77.51163098224265,7.272,10,Zone_B
2025-09-23T06:50:04Z,12.935200261551213,77.51161949632164,5.276,224,Zone_B
2025-09-23T06:50:05Z,12.93520291252561,77.51161863172233,1.373,49,Zone_B
2025-09-23T06:50:06Z,12.935217212766087,77.51161402454922,7.173,16,Zone_B
2025-09-23T06:50:07Z,12.935224320429977,77.51161055512965,3.524,15,Zone_B
2025-09-23T06:50:08Z,12.935242459949823,77.51161051994174,6.367,354,Zone_C
2025-09-23T06:50:09Z,12.935250674381855,77.5116055669705,4.269,0,Zone_C
2025-09-23T06:50:10Z,12.93526286075563,77.51160609890246,3.82,27,Zone_A
2025-09-23T06:50:11Z,12.935267765782337,77.51160612294456,1.56,319,Zone_C
2025-09-23T06:50:12Z,12.935280315678114,77.51161832224518,6.486,86,Zone_C
2025-09-23T06:50:13Z,12.935283832135644,77.51163036235467,4.517,83,Zone_B
2025-09-23T06:50:14Z,12.935282062594005,77.5116375774157,2.585,262,Zone_B
2025-09-23T06:50:15Z,12.935278820776935,77.51166008563693,6.639,225,Zone_A
2025-09-23T06:50:16Z,12.935277556394004,77.51166139526707,0.667,283,Zone_C
2025-09-23T06:50:17Z,12.935270563535617,77.51166555072373,3.125,264,Zone_B
2025-09-23T06:50:18Z,12.935268947345307,77.51166635587252,0.53,296,Zone_B
2025-09-23T06:50:19Z,12.935250042853653,77.51167137058034,7.992,341,Zone_B
2025-09-23T06:50:20Z,12.935243191075738,77.51167300640452,2.721,283,Zone_C
2025-09-23T06:50:21Z,12.935228541494777,77.51166832677542,6.538,209,Zone_A
2025-09-23T06:50:22Z,12.935220551997771,77.51166512384764,2.891,79,Zone_B
2025-09-23T06:50:23Z,12.935196278617516,77.51166453917816,8.953,126,Zone_B
2025-09-23T06:50:24Z,12.935191294553663,77.51166476542133,1.683,25,Zone_C
2025-09-23T06:50:25Z,12.935180111647503,77.51166753025463,3.943,276,Zone_A
2025-09-23T06:50:26Z,12.93516809671189,77.51166861888777,5.44,242,Zone_C
2025-09-23T06:50:27Z,12.93515951341998,77.51167647820311,5.206,270,Zone_C
2025-09-23T06:50:28Z,12.935154832554584,77.51169044360479,4.996,215,Zone_C
2025-09-23T06:50:29Z,12.93515207826096,77.51170120769204,3.215,272,Zone_C
2025-09-23T06:50:30Z,12.935146528040388,77.5117226652562,7.437,326,Zone_C
2025-09-23T06:50:31Z,12.93514281620857,77.51173297812443,3.497,323,Zone_C
2025-09-23T06:50:32Z,12.935136740941658,77.51173965546921,4.046,301,Zone_B
2025-09-23T06:50:33Z,12.935129060778134,77.51175345679049,7.495,90,Zone_A
2025-09-23T06:50:34Z,12.935126015643677,77.51175970651501,2.716,248,Zone_A
2025-09-23T06:50:35Z,12.935121054451665,77.51176962425258,3.111,62,Zone_C
2025-09-23T06:50:36Z,12.935114599811653,77.51178190388512,5.412,332,Zone_A
2025-09-23T06:50:37Z,12.935106822669619,77.51178402940704,3.696,68,Zone_C
2025-09-23T06:50:38Z,12.935103319415063,77.51178649315356,1.863,77,Zone_A
2025-09-23T06:50:39Z,12.935092721569063,77.51178554152031,5.09,329,Zone_A
2025-09-23T06:50:40Z,12.935091399279418,77.51178678949528,0.704,189,Zone_C
2025-09-23T06:50:41Z,12.935087005699698,77.511790074661,2.063,68,Zone_B
2025-09-23T06:50:42Z,12.935078532637538,77.51180073397487,6.368,193,Zone_A
2025-09-23T06:50:43Z,12.93505954987734,77.5118053826124,9.652,283,Zone_A
2025-09-23T06:50:44Z,12.935050769635998,77.51180660329858,2.727,217,Zone_A
2025-09-23T06:50:45Z,12.93504097634093,77.51180324324464,4.796,271,Zone_C
2025-09-23T06:50:46Z,12.935026726731541,77.5118009497125,5.603,103,Zone_B
2025-09-23T06:50:47Z,12.935013709738342,77.51179634937569,4.253,93,Zone_B
2025-09-23T06:50:48Z,12.934995837698924,77.51179491133175,5.169,161,Zone_A
2025-09-23T06:50:49Z,12.934984956518685,77.51178892000546,4.098,98,Zone_A
2025-09-23T06:50:50Z,12.934982531127662,77.51178728872397,1.445,64,Zone_A
2025-09-23T06:50:51Z,12.934971586980312,77.51178957941059,4.305,88,Zone_C
2025-09-23T06:50:52Z,12.934964881723438,77.51179339727331,2.849,193,Zone_A
2025-09-23T06:50:53Z,12.934957092880868,77.51180685575454,6.996,166,Zone_B
2025-09-23T06:50:54Z,12.93494830567532,77.5118185524906,4.611,231,Zone_C
2025-09-23T06:50:55Z,12.934946975124815,77.51181979118708,0.555,189,Zone_B
2025-09-23T06:50:56Z,12.93493899351,77.51182420263169,2.964,348,Zone_A
2025-09-23T06:50:57Z,12.934932526596375,77.51183773345589,6.135,191,Zone_A
2025-09-23T06:50:58Z,12.934926848379591,77.51184997400588,4.456,6,Zone_B
2025-09-23T06:50:59Z,12.93492575939049,77.51185303389735,1.307,128,Zone_A
2025-09-23T06:51:00Z,12.934926302396448,77.5118660422123,4.852,74,Zone_C
2025-09-23T06:51:01Z,12.934925113830658,77.51187174511065,2.433,72,Zone_C
2025-09-23T06:51:02Z,12.934926573021881,77.51189226546327,8.946,296,Zone_B
2025-09-23T06:51:03Z,12.934928203898625,77.51190319643067,4.234,128,Zone_A
2025-09-23T06:51:04Z,12.93493093509683,77.51191753586451,5.209,166,Zone_A
2025-09-23T06:51:05Z,12.934937649616845,77.51193468965663,5.88,160,Zone_B
2025-09-23T06:51:06Z,12.934943539370709,77.51194106097641,2.745,256,Zone_A
2025-09-23T06:51:07Z,12.934952522288711,77.51195479314602,6.571,35,Zone_A
2025-09-23T06:51:08Z,12.934959426185259,77.51196738135233,5.405,76,Zone_A
2025-09-23T06:51:09Z,12.934978116914673,77.51197046046218,8.588,201,Zone_A
2025-09-23T06:51:10Z,12.934992357704749,77.5119815588395,6.967,220,Zone_C
2025-09-23T06:51:11Z,12.935003808883119,77.51199153102887,6.526,149,Zone_A
2025-09-23T06:51:12Z,12.935013189969128,77.5119954054682,2.907,267,Zone_B
2025-09-23T06:51:13Z,12.935014133075015,77.51199701346171,0.607,82,Zone_B
2025-09-23T06:51:14Z,12.935014245288121,77.5120065362023,4.416,283,Zone_B
2025-09-23T06:51:15Z,12.935016239881636,77.51201859462691,3.827,280,Zone_C
2025-09-23T06:51:16Z,12.935014938357993,77.51202591292855,3.561,344,Zone_B
2025-09-23T06:51:17Z,12.935018323047375,77.51204282010838,5.168,171,Zone_C
2025-09-23T06:51:18Z,12.935016639040699,77.51204704473274,1.401,267,Zone_C
2025-09-23T06:51:19Z,12.935008507571292,77.51206186321828,5.458,213,Zone_B
2025-09-23T06:51:20Z,12.935010516355485,77.51206938606875,2.276,41,Zone_B
2025-09-23T06:51:21Z,12.935017059976927,77.51208352255631,5.222,125,Zone_A
2025-09-23T06:51:22Z,12.935013792340168,77.51209917475556,7.074,345,Zone_A
2025-09-23T06:51:23Z,12.935005168845795,77.5121027082895,2.944,216,Zone_B
2025-09-23T06:51:24Z,12.935000799515475,77.51209982543868,1.792,90,Zone_C
2025-09-23T06:51:25Z,12.934986109207218,77.51210381331767,5.057,63,Zone_A
2025-09-23T06:51:26Z,12.934975996292371,77.51210692131745,5.155,3,Zone_A
2025-09-23T06:51:27Z,12.934962441480923,77.512109735996,4.538,289,Zone_A
2025-09-23T06:51:28Z,12.934958849519905,77.51211091569978,1.334,240,Zone_A
2025-09-23T06:51:29Z,12.934945148308131,77.51212079046168,5.046,139,Zone_B
2025-09-23T06:51:30Z,12.93493368867023,77.5121212021436,3.927,276,Zone_B
2025-09-23T06:51:31Z,12.934927528635637,77.5121209061424,2.102,182,Zone_A
2025-09-23T06:51:32Z,12.934921427169854,77.51212403063123,2.845,7,Zone_A
2025-09-23T06:51:33Z,12.93490476367768,77.51213171772486,6.605,306,Zone_A
2025-09-23T06:51:34Z,12.934895845770491,77.51212757441834,3.313,231,Zone_B
2025-09-23T06:51:35Z,12.934888167442153,77.51212702551011,2.295,128,Zone_A
2025-09-23T06:51:36Z,12.934883193493462,77.51212547830673,1.511,90,Zone_B
2025-09-23T06:51:37Z,12.934875421852256,77.51212428700431,2.449,134,Zone_B
2025-09-23T06:51:38Z,12.934854595113865,77.512129022044,10.522,84,Zone_B
2025-09-23T06:51:39Z,12.934849765402832,77.51213132879508,1.697,28,Zone_B
2025-09-23T06:51:40Z,12.934835788757225,77.51213336946024,4.949,34,Zone_A
2025-09-23T06:51:41Z,12.934826066050213,77.51213048382978,4.814,342,Zone_B
2025-09-23T06:51:42Z,12.93480740206991,77.51212468058016,8.078,135,Zone_B
2025-09-23T06:51:43Z,12.934787134497913,77.51212377915168,7.358,343,Zone_B
2025-09-23T06:51:44Z,12.934775458494247,77.51211660597484,6.482,23,Zone_B
2025-09-23T06:51:45Z,12.934758372036804,77.51211280206763,6.045,337,Zone_C
2025-09-23T06:51:46Z,12.934746114366341,77.51211420673977,5.502,202,Zone_A
2025-09-23T06:51:47Z,12.934743961432533,77.51211628248623,0.884,0,Zone_B
2025-09-23T06:51:48Z,12.934726228252469,77.51212269255595,6.437,286,Zone_C
2025-09-23T06:51:49Z,12.934712575482388,77.5121405884865,7.941,96,Zone_B
2025-09-23T06:51:50Z,12.93470280970164,77.51215376592042,6.253,117,Zone_B
2025-09-23T06:51:51Z,12.934688057497517,77.51216653392692,6.657,66,Zone_C
2025-09-23T06:51:52Z,12.934689282486472,77.51217575373639,3.493,88,Zone_B
2025-09-23T06:51:53Z,12.934687261193393,77.51218613929021,4.099,62,Zone_B
2025-09-23T06:51:54Z,12.934687164947988,77.51218798004021,0.661,77,Zone_B
2025-09-23T06:51:55Z,12.934686214628636,77.51218954444714,0.74,170,Zone_B
2025-09-23T06:51:56Z,12.934682702502267,77.51219991010015,3.781,94,Zone_C
2025-09-23T06:51:57Z,12.934682790405546,77.51220175128935,0.631,152,Zone_A
2025-09-23T06:51:58Z,12.934683550446438,77.51220861006934,2.259,340,Zone_B
2025-09-23T06:51:59Z,12.93469315948024,77.51222670160607,5.846,283,Zone_B
2025-09-23T06:52:00Z,12.934696259514965,77.51223044963847,1.459,320,Zone_A
2025-09-23T06:52:01Z,12.934702815056072,77.51223756395856,3.59,217,Zone_B
2025-09-23T06:52:02Z,12.934704139752665,77.51223880924142,0.617,22,Zone_A
2025-09-23T06:52:03Z,12.934706031107854,77.51224507892434,2.667,30,Zone_C
2025-09-23T06:52:04Z,12.934705757018325,77.51225305248335,2.811,56,Zone_C
2025-09-23T06:52:05Z,12.9347020421617,77.51226142491825,3.687,205,Zone_B
2025-09-23T06:52:06Z,12.934692612307606,77.5122731413303,4.528,206,Zone_B
2025-09-23T06:52:07Z,12.934683689251337,77.51227483957037,4.095,46,Zone_A
2025-09-23T06:52:08Z,12.934670648939543,77.51227864905003,5.087,167,Zone_A
2025-09-23T06:52:09Z,12.934659745299301,77.51228013710245,4.318,84,Zone_B
2025-09-23T06:52:10Z,12.934644384617986,77.51228482233778,5.576,179,Zone_A
2025-09-23T06:52:11Z,12.934632378685837,77.51228761860263,5.963,307,Zone_C
2025-09-23T06:52:12Z,12.934620610707652,77.51230116670996,8.073,57,Zone_C
2025-09-23T06:52:13Z,12.93460888059266,77.51231364383032,8.391,284,Zone_C
2025-09-23T06:52:14Z,12.934600170435807,77.51231874051837,4.173,127,Zone_B
2025-09-23T06:52:15Z,12.934600255023367,77.51232058187047,0.855,309,Zone_A
2025-09-23T06:52:16Z,12.934600642954278,77.512332330362,4.14,229,Zone_A
2025-09-23T06:52:17Z,12.934599819577416,77.5123401553755,3.065,169,Zone_C
2025-09-23T06:52:18Z,12.934601100905743,77.51234144754741,0.767,243,Zone_B
2025-09-23T06:52:19Z,12.93460615763216,77.51235506193574,5.304,349,Zone_B
2025-09-23T06:52:20Z,12.934606573434559,77.5123568552843,0.534,14,Zone_B
2025-09-23T06:52:21Z,12.934606486046887,77.51236313579592,2.632,200,Zone_A
2025-09-23T06:52:22Z,12.934601932238145,77.51236976143292,2.563,33,Zone_B
2025-09-23T06:52:23Z,12.934600860487114,77.51237199787721,1.005,83,Zone_A
2025-09-23T06:52:24Z,12.934598361875516,77.51237576666587,1.319,27,Zone_C
2025-09-23T06:52:25Z,12.934592160366917,77.51238383299692,4.947,350,Zone_A
2025-09-23T06:52:26Z,12.934578872121284,77.51238564726535,5.978,205,Zone_C
2025-09-23T06:52:27Z,12.934574444391481,77.51238955234722,2.262,298,Zone_A
2025-09-23T06:52:28Z,12.934566141382486,77.51240582006723,6.395,233,Zone_A
2025-09-23T06:52:29Z,12.934562016856722,77.51241791373495,3.874,277,Zone_B
2025-09-23T06:52:30Z,12.934566763225309,77.51243639110308,5.754,70,Zone_A
2025-09-23T06:52:31Z,12.93456417932359,77.51244477567607,2.506,39,Zone_B
2025-09-23T06:52:32Z,12.934563161843109,77.51244629496408,0.791,293,Zone_B
2025-09-23T06:52:33Z,12.934562764562376,77.51245527434644,2.508,299,Zone_C
2025-09-23T06:52:34Z,12.934562219658533,77.51245703091335,0.541,182,Zone_C
2025-09-23T06:52:35Z,12.93455655106514,77.51247211441533,4.682,345,Zone_C
2025-09-23T06:52:36Z,12.93456103641729,77.5124871296973,7.376,236,Zone_C
2025-09-23T06:52:37Z,12.934559009825653,77.51249992673279,4.221,222,Zone_A
2025-09-23T06:52:38Z,12.93455900183581,77.51250177011057,0.67,256,Zone_A
2025-09-23T06:52:39Z,12.934561743297328,77.51251262241038,4.628,138,Zone_B
2025-09-23T06:52:40Z,12.934557296941069,77.5125234457306,3.677,286,Zone_B
2025-09-23T06:52:41Z,12.934553674033502,77.51253737052566,4.319,29,Zone_C
2025-09-23T06:52:42Z,12.934546687785344,77.51255675424304,9.584,250,Zone_A
2025-09-23T06:52:43Z,12.93455332024543,77.51257048696627,4.72,85,Zone_A
2025-09-23T06:52:44Z,12.934559434203367,77.51257876810823,2.968,179,Zone_A
2025-09-23T06:52:45Z,12.934566083426382,77.5125854869658,3.22,17,Zone_B
2025-09-23T06:52:46Z,12.934567368716758,77.51258677498846,0.624,231,Zone_A
2025-09-23T06:52:47Z,12.934577510122077,77.51259973394276,4.998,96,Zone_B
2025-09-23T06:52:48Z,12.934579805344903,77.51260542089933,2.431,68,Zone_A
2025-09-23T06:52:49Z,12.934582472797084,77.51261330626595,3.083,273,Zone_A
2025-09-23T06:52:50Z,12.934582156658822,77.51261870256616,1.724,332,Zone_B
2025-09-23T06:52:51Z,12.934579847365953,77.51262430282004,2.045,44,Zone_B
2025-09-23T06:52:52Z,12.934580038339764,77.51263678043914,5.299,262,Zone_A
2025-09-23T06:52:53Z,12.934589048242902,77.51264635420992,5.948,204,Zone_A
2025-09-23T06:52:54Z,12.934595554401621,77.51265777817866,3.69,305,Zone_A
2025-09-23T06:52:55Z,12.934598105401575,77.51265918609276,1.324,112,Zone_C
2025-09-23T06:52:56Z,12.934599114067947,77.51267644703607,6.726,106,Zone_B
2025-09-23T06:52:57Z,12.934602927258197,77.51268230719889,2.566,258,Zone_A
2025-09-23T06:52:58Z,12.934604781974734,77.51268311033472,0.6,217,Zone_B
2025-09-23T06:52:59Z,12.934610559612697,77.51268539466854,1.865,299,Zone_A
2025-09-23T06:53:00Z,12.934614969306713,77.51268701322047,1.784,116,Zone_C
2025-09-23T06:53:01Z,12.934625173332007,77.51269874118314,5.858,54,Zone_B
2025-09-23T06:53:02Z,12.934627434713475,77.51270437439379,1.824,356,Zone_C
2025-09-23T06:53:03Z,12.93463448918653,77.51271444474978,3.822,162,Zone_A
2025-09-23T06:53:04Z,12.934642892408318,77.51272266774895,4.909,216,Zone_A
2025-09-23T06:53:05Z,12.934644176283026,77.5127239572575,0.738,311,Zone_A
2025-09-23T06:53:06Z,12.93464838256321,77.51273821075706,5.207,81,Zone_A
2025-09-23T06:53:07Z,12.934648898996507,77.51273997635616,0.625,108,Zone_B
2025-09-23T06:53:08Z,12.934653255597384,77.51274545538355,2.411,310,Zone_C
2025-09-23T06:53:09Z,12.934667931023201,77.51275317362506,6.061,130,Zone_B
2025-09-23T06:53:10Z,12.934672286603526,77.51275504701698,1.792,251,Zone_C
2025-09-23T06:53:11Z,12.934679312114076,77.51276296469197,3.818,222,Zone_B
2025-09-23T06:53:12Z,12.934684083155721,77.51276742258086,2.38,51,Zone_A
2025-09-23T06:53:13Z,12.934688313073266,77.51277210057964,2.439,163,Zone_C
2025-09-23T06:53:14Z,12.934694674795178,77.51278195306864,4.63,95,Zone_A
2025-09-23T06:53:15Z,12.934698864822682,77.51278344298525,1.958,12,Zone_A
2025-09-23T06:53:16Z,12.934707466609757,77.51279196860492,4.54,243,Zone_C
2025-09-23T06:53:17Z,12.934719062524335,77.51279692658818,4.713,72,Zone_B
2025-09-23T06:53:18Z,12.934734652514399,77.51280865931064,5.991,216,Zone_B
2025-09-23T06:53:19Z,12.934740613932998,77.51282255355058,4.355,53,Zone_A
2025-09-23T06:53:20Z,12.934741441977385,77.51282418948745,0.527,58,Zone_B
2025-09-23T06:53:21Z,12.934754323420812,77.5128289008081,6.389,43,Zone_A
2025-09-23T06:53:22Z,12.934768475987552,77.51283024372572,5.241,237,Zone_A
2025-09-23T06:53:23Z,12.934773787950487,77.51283316520653,2.671,251,Zone_C
2025-09-23T06:53:24Z,12.934780270605817,77.51283517987942,2.66,125,Zone_C
2025-09-23T06:53:25Z,12.934795257620008,77.51283520678783,4.578,115,Zone_B
2025-09-23T06:53:26Z,12.934809269978294,77.5128265502921,5.327,143,Zone_C
2025-09-23T06:53:27Z,12.934822140758856,77.51282866089596,5.602,148,Zone_C
2025-09-23T06:53:28Z,12.93483738459781,77.51281676229794,9.062,110,Zone_A
2025-09-23T06:53:29Z,12.934848732323688,77.51280741164717,6.495,185,Zone_C
2025-09-23T06:53:30Z,12.93486612501952,77.51280202077956,6.932,188,Zone_C
2025-09-23T06:53:31Z,12.934869436777158,77.51280033830794,1.659,264,Zone_B
